"","Title","Year","Rated","Released","Runtime","Genre","Director","Writer","Actors","Plot","Language","Country","Awards","Poster","Ratings.Source","Ratings.Value","Metascore","imdbRating","imdbVotes","imdbID","Type","tomatoMeter","tomatoImage","tomatoRating","tomatoReviews","tomatoFresh","tomatoRotten","tomatoConsensus","tomatoUserMeter","tomatoUserRating","tomatoUserReviews","tomatoURL","DVD","BoxOffice","Production","Website","Response"
"1","Dog Day Afternoon",1975,"R","25 Dec 1975","125 min","Biography, Crime, Drama","Sidney Lumet","Frank Pierson (screenplay), P.F. Kluge (based upon a magazine article by), Thomas Moore (based upon a magazine article by)","Penelope Allen, Sully Boyar, John Cazale, Beulah Garrick","A man robs a bank to pay for his lover's operation; it turns into a hostage situation and a media circus.","English","USA","Won 1 Oscar. Another 13 wins & 19 nominations.","https://images-na.ssl-images-amazon.com/images/M/MV5BNmZiYzQ2ZmYtZTViNy00ODRkLWJkN2EtNjgwYWY1OGNmNDcxXkEyXkFqcGdeQXVyNjUwNzk3NDc@._V1_SX300.jpg","Internet Movie Database","8.0/10","N/A",8,"194,970","tt0072890","movie","N/A","N/A","N/A","N/A","N/A","N/A","N/A","N/A","N/A","N/A","http://www.rottentomatoes.com/m/dog_day_afternoon/","16 Dec 1997","N/A","WARNER BROTHERS PICTURES","N/A","True"
"2","Jaws",1975,"PG","20 Jun 1975","124 min","Adventure, Drama, Thriller","Steven Spielberg","Peter Benchley (screenplay), Carl Gottlieb (screenplay), Peter Benchley (based on the novel by)","Roy Scheider, Robert Shaw, Richard Dreyfuss, Lorraine Gary","A giant great white shark arrives on the shores of a New England beach resort and wreaks havoc with bloody attacks on swimmers, until a local sheriff teams up with a marine biologist and an old seafarer to hunt the monster down.","English","USA","Won 3 Oscars. Another 10 wins & 17 nominations.","https://images-na.ssl-images-amazon.com/images/M/MV5BMmVmODY1MzEtYTMwZC00MzNhLWFkNDMtZjAwM2EwODUxZTA5XkEyXkFqcGdeQXVyNTAyODkwOQ@@._V1_SX300.jpg","Internet Movie Database","8.0/10","86",8,"445,407","tt0073195","movie","N/A","N/A","N/A","N/A","N/A","N/A","N/A","N/A","N/A","N/A","http://www.rottentomatoes.com/m/jaws/","11 Jul 2000","N/A","Universal Pictures","http://www.jaws25.com/","True"
"3","Zootopia",2016,"PG","04 Mar 2016","108 min","Animation, Adventure, Comedy","Jared Bush, Byron Howard, Rich Moore","Byron Howard (story by), Rich Moore (story by), Jared Bush (story by), Jim Reardon (story by), Josie Trinidad (story by), Phil Johnston (story by), Jennifer Lee (story by), Jared Bush (screenplay), Phil Johnston (screenplay)","Ginnifer Goodwin, Jason Bateman, Idris Elba, Jenny Slate","In a city of anthropomorphic animals, a rookie bunny cop and a cynical con artist fox must work together to uncover a conspiracy.","English","USA","Won 1 Oscar. Another 36 wins & 58 nominations.","https://images-na.ssl-images-amazon.com/images/M/MV5BOTMyMjEyNzIzMV5BMl5BanBnXkFtZTgwNzIyNjU0NzE@._V1_SX300.jpg","Internet Movie Database","8.1/10","78",8.1,"304,299","tt2948356","movie","N/A","N/A","N/A","N/A","N/A","N/A","N/A","N/A","N/A","N/A","http://www.rottentomatoes.com/m/zootopia/","07 Jun 2016","$341,264,012","Walt Disney Animation Studios","http://movies.disney.com/zootopia","True"
"4","Guardians of the Galaxy Vol. 2",2017,"PG-13","05 May 2017","136 min","Action, Adventure, Sci-Fi","James Gunn","James Gunn, Dan Abnett (based on the Marvel comics by), Andy Lanning (based on the Marvel comics by), Steve Englehart (Star-lord created by), Steve Gan (Star-lord created by), Jim Starlin (Gamora and Drax created by), Stan Lee (Groot created by), Larry Lieber (Groot created by), Jack Kirby (Groot created by), Bill Mantlo (Rocket Raccoon created by), Keith Giffen (Rocket Raccoon created by), Steve Gerber (character created by: Howard the Duck), Val Mayerik (character created by: Howard the Duck)","Chris Pratt, Zoe Saldana, Dave Bautista, Vin Diesel","The Guardians must fight to keep their newfound family together as they unravel the mystery of Peter Quill's true parentage.","English","USA","N/A","https://images-na.ssl-images-amazon.com/images/M/MV5BMTg2MzI1MTg3OF5BMl5BanBnXkFtZTgwNTU3NDA2MTI@._V1_SX300.jpg","Internet Movie Database","8.1/10","67",8.1,"175,272","tt3896198","movie","N/A","N/A","N/A","N/A","N/A","N/A","N/A","N/A","N/A","N/A","http://www.rottentomatoes.com/m/guardians_of_the_galaxy_vol_2/","N/A","$380,236,369","Walt Disney Pictures","https://marvel.com/guardians","True"
"5","Pirates of the Caribbean: The Curse of the Black Pearl",2003,"PG-13","09 Jul 2003","143 min","Action, Adventure, Fantasy","Gore Verbinski","Ted Elliott (screen story), Terry Rossio (screen story), Stuart Beattie (screen story), Jay Wolpert (screen story), Ted Elliott (screenplay), Terry Rossio (screenplay)","Johnny Depp, Geoffrey Rush, Orlando Bloom, Keira Knightley","Blacksmith Will Turner teams up with eccentric pirate ""Captain"" Jack Sparrow to save his love, the governor's daughter, from Jack's former pirate allies, who are now undead.","English","USA","Nominated for 5 Oscars. Another 36 wins & 96 nominations.","https://images-na.ssl-images-amazon.com/images/M/MV5BNGYyZGM5MGMtYTY2Ni00M2Y1LWIzNjQtYWUzM2VlNGVhMDNhXkEyXkFqcGdeQXVyMTMxODk2OTU@._V1_SX300.jpg","Internet Movie Database","8.0/10","63",8,"869,710","tt0325980","movie","N/A","N/A","N/A","N/A","N/A","N/A","N/A","N/A","N/A","N/A","http://www.rottentomatoes.com/m/pirates_of_the_caribbean_the_curse_of_the_black_pearl/","02 Dec 2003","$305,343,252","Buena Vista Pictures","http://disney.go.com/disneyvideos/liveaction/pirates/main_site/main.html","True"
"6","Before Sunset",2004,"R","30 Jul 2004","80 min","Drama, Romance","Richard Linklater","Richard Linklater (screenplay), Julie Delpy (screenplay), Ethan Hawke (screenplay), Richard Linklater (story), Kim Krizan (story), Richard Linklater (characters), Kim Krizan (characters)","Ethan Hawke, Julie Delpy, Vernon Dobtcheff, Louise Lemoine Torrès","Nine years after Jesse and Celine first met, they encounter each other again on the French leg of Jesse's book tour.","English, French","USA","Nominated for 1 Oscar. Another 9 wins & 29 nominations.","https://images-na.ssl-images-amazon.com/images/M/MV5BMTQ1MjAwNTM5Ml5BMl5BanBnXkFtZTYwNDM0MTc3._V1_SX300.jpg","Internet Movie Database","8.0/10","90",8,"179,650","tt0381681","movie","N/A","N/A","N/A","N/A","N/A","N/A","N/A","N/A","N/A","N/A","http://www.rottentomatoes.com/m/before_sunset/","09 Nov 2004","$5,600,000","Warner Independent Pictures","http://wip.warnerbros.com/index.html?site=beforesunset","True"
"7","The Imitation Game",2014,"PG-13","25 Dec 2014","114 min","Biography, Drama, Thriller","Morten Tyldum","Graham Moore, Andrew Hodges (book)","Benedict Cumberbatch, Keira Knightley, Matthew Goode, Rory Kinnear","During World War II, mathematician Alan Turing tries to crack the enigma code with help from fellow mathematicians.","English, German","UK, USA","Won 1 Oscar. Another 44 wins & 150 nominations.","https://images-na.ssl-images-amazon.com/images/M/MV5BOTgwMzFiMWYtZDhlNS00ODNkLWJiODAtZDVhNzgyNzJhYjQ4L2ltYWdlXkEyXkFqcGdeQXVyNzEzOTYxNTQ@._V1_SX300.jpg","Internet Movie Database","8.1/10","73",8.1,"535,118","tt2084970","movie","N/A","N/A","N/A","N/A","N/A","N/A","N/A","N/A","N/A","N/A","http://www.rottentomatoes.com/m/the_imitation_game/","31 Mar 2015","N/A","The Weinstein Company","http://theimitationgamemovie.com/","True"
"8","Young Frankenstein",1974,"PG","15 Dec 1974","106 min","Comedy","Mel Brooks","Gene Wilder (screen story and screenplay), Mel Brooks (screen story and screenplay), Mary Shelley (based on characters in the novel ""Frankenstein"" by)","Gene Wilder, Peter Boyle, Marty Feldman, Madeline Kahn","An American grandson of the infamous scientist, struggling to prove that he is not as insane as people believe, is invited to Transylvania, where he discovers the process that reanimates a dead body.","English, German","USA","Nominated for 2 Oscars. Another 11 wins & 5 nominations.","https://images-na.ssl-images-amazon.com/images/M/MV5BMTEwNjg2MjM2ODFeQTJeQWpwZ15BbWU4MDQ1MDU5OTEx._V1_SX300.jpg","Internet Movie Database","8.0/10","80",8,"121,147","tt0072431","movie","N/A","N/A","N/A","N/A","N/A","N/A","N/A","N/A","N/A","N/A","http://www.rottentomatoes.com/m/young_frankenstein/","03 Nov 1998","N/A","20th Century Fox","N/A","True"
"9","Stalag 17",1953,"NOT RATED","10 Aug 1953","120 min","Drama, War","Billy Wilder","Billy Wilder (written for the screen by), Edwin Blum (written for the screen by), Donald Bevan (based on the play by), Edmund Trzcinski (based on the play by)","William Holden, Don Taylor, Otto Preminger, Robert Strauss","When two escaping American World War II prisoners are killed, the German POW camp barracks black marketeer, J.J. Sefton, is suspected of being an informer.","English, German, Russian","USA","Won 1 Oscar. Another 1 win & 5 nominations.","https://images-na.ssl-images-amazon.com/images/M/MV5BNDMyNGU0NjUtNTIxMC00ZmU2LWE0ZGItZTdkNGVlODI2ZDcyL2ltYWdlXkEyXkFqcGdeQXVyNjc1NTYyMjg@._V1_SX300.jpg","Internet Movie Database","8.0/10","N/A",8,"44,802","tt0046359","movie","N/A","N/A","N/A","N/A","N/A","N/A","N/A","N/A","N/A","N/A","http://www.rottentomatoes.com/m/stalag_17/","14 Dec 1999","N/A","Paramount Home Video","N/A","True"
"10","Dogville",2003,"R","23 Apr 2004","178 min","Crime, Drama","Lars von Trier","Lars von Trier","Nicole Kidman, Harriet Andersson, Lauren Bacall, Jean-Marc Barr","A woman on the run from the mob is reluctantly accepted in a small Colorado town. In exchange, she agrees to work for them. As a search visits town, she finds out that their support has a price. Yet her dangerous secret is never far away...","English","Netherlands, Denmark, UK, France, Finland, Sweden, Germany, Italy, Norway","20 wins & 30 nominations.","https://images-na.ssl-images-amazon.com/images/M/MV5BMTkwNTg2MTI1NF5BMl5BanBnXkFtZTcwMDM1MzUyMQ@@._V1_SX300.jpg","Internet Movie Database","8.0/10","60",8,"113,851","tt0276919","movie","N/A","N/A","N/A","N/A","N/A","N/A","N/A","N/A","N/A","N/A","http://www.rottentomatoes.com/m/dogville/","24 Aug 2004","$1,498,177","Lions Gate Films","http://www.dogville.dk/","True"
"11","Dead Poets Society",1989,"PG","09 Jun 1989","128 min","Comedy, Drama","Peter Weir","Tom Schulman","Robin Williams, Robert Sean Leonard, Ethan Hawke, Josh Charles","English teacher John Keating inspires his students to look at poetry with a different perspective of authentic knowledge and feelings.","English, Latin","USA","Won 1 Oscar. Another 18 wins & 19 nominations.","https://images-na.ssl-images-amazon.com/images/M/MV5BOGYwYWNjMzgtNGU4ZC00NWQ2LWEwZjUtMzE1Zjc3NjY3YTU1XkEyXkFqcGdeQXVyMTQxNzMzNDI@._V1_SX300.jpg","Internet Movie Database","8.0/10","79",8,"295,852","tt0097165","movie","N/A","N/A","N/A","N/A","N/A","N/A","N/A","N/A","N/A","N/A","http://www.rottentomatoes.com/m/dead_poets_society/","10 Nov 1998","N/A","Buena Vista Pictures","N/A","True"
"12","High Noon",1952,"PG","30 Jul 1952","85 min","Drama, Thriller, Western","Fred Zinnemann","Carl Foreman (screenplay), John W. Cunningham (magazine story ""The Tin Star"")","Gary Cooper, Thomas Mitchell, Lloyd Bridges, Katy Jurado","Marshal Will Kane, personally compelled to face his returning deadly enemy Frank Miller, finds that his fellow townspeople refuse to help him.","English, Spanish","USA","Won 4 Oscars. Another 13 wins & 10 nominations.","https://images-na.ssl-images-amazon.com/images/M/MV5BOWIzZGUxZmItOThkMS00Y2QxLTg0MTYtMDdhMjRlNTNlYTI3L2ltYWdlXkEyXkFqcGdeQXVyNjc1NTYyMjg@._V1_SX300.jpg","Internet Movie Database","8.0/10","89",8,"83,393","tt0044706","movie","N/A","N/A","N/A","N/A","N/A","N/A","N/A","N/A","N/A","N/A","http://www.rottentomatoes.com/m/1046060-high_noon/","23 Oct 2001","N/A","United Artists","N/A","True"
"13","Papillon",1973,"R","06 Feb 1974","151 min","Biography, Crime, Drama","Franklin J. Schaffner","Dalton Trumbo (screenplay), Lorenzo Semple Jr. (screenplay), Henri Charrière (book)","Steve McQueen, Dustin Hoffman, Victor Jory, Don Gordon","A man befriends a fellow criminal as the two of them begin serving their sentence on a dreadful prison island, which inspires the man to plot his escape.","English, Spanish","France, USA","Nominated for 1 Oscar. Another 2 wins & 1 nomination.","https://images-na.ssl-images-amazon.com/images/M/MV5BZGRjZjQ0NzAtYmZlNS00Zjc1LTk1YWItMDY5YzQxMzA4MTAzXkEyXkFqcGdeQXVyMjI4MjA5MzA@._V1_SX300.jpg","Internet Movie Database","8.0/10","N/A",8,"101,553","tt0070511","movie","N/A","N/A","N/A","N/A","N/A","N/A","N/A","N/A","N/A","N/A","http://www.rottentomatoes.com/m/papillon/","14 Dec 1999","N/A","Twentieth Century Fox Home Entertainment","N/A","True"
"14","A Streetcar Named Desire",1951,"PG","01 Dec 1951","122 min","Drama","Elia Kazan","Tennessee Williams (screen play), Oscar Saul (adaptation), Tennessee Williams (original play ""A Streetcar Named Desire"")","Vivien Leigh, Marlon Brando, Kim Hunter, Karl Malden","Disturbed Blanche DuBois moves in with her sister in New Orleans and is tormented by her brutish brother-in-law while her reality crumbles around her.","English, Spanish","USA","Won 4 Oscars. Another 13 wins & 15 nominations.","https://images-na.ssl-images-amazon.com/images/M/MV5BNzk2M2Y3MzYtNGMzMi00Y2FjLTkwODQtNmExYWU3ZWY3NzExXkEyXkFqcGdeQXVyNTA4NzY1MzY@._V1_SX300.jpg","Internet Movie Database","8.0/10","N/A",8,"82,622","tt0044081","movie","N/A","N/A","N/A","N/A","N/A","N/A","N/A","N/A","N/A","N/A","http://www.rottentomatoes.com/m/1020333-streetcar_named_desire/","18 May 1999","N/A","Warner Bros. Pictures","N/A","True"
"15","Arsenic and Old Lace",1944,"NOT RATED","23 Sep 1944","118 min","Comedy, Crime, Thriller","Frank Capra","Julius J. Epstein (screen play), Philip G. Epstein (screen play), Joseph Kesselring (play)","Cary Grant, Priscilla Lane, Raymond Massey, Jack Carson","A drama critic learns on his wedding day that his beloved maiden aunts are homicidal maniacs, and that insanity runs in his family.","English, German","USA","1 nomination.","https://images-na.ssl-images-amazon.com/images/M/MV5BZDVlNTBjMjctNjAzNS00ZGJhLTg2NzMtNzIwYTIzYTBiMDkyXkEyXkFqcGdeQXVyNTA4NzY1MzY@._V1_SX300.jpg","Internet Movie Database","8.0/10","N/A",8,"56,783","tt0036613","movie","N/A","N/A","N/A","N/A","N/A","N/A","N/A","N/A","N/A","N/A","http://www.rottentomatoes.com/m/arsenic_and_old_lace/","29 Aug 2000","N/A","Warner Bros. Pictures","N/A","True"
"16","Sin City",2005,"R","01 Apr 2005","124 min","Crime, Thriller","Frank Miller, Robert Rodriguez, Quentin Tarantino","Frank Miller (graphic novels)","Jessica Alba, Devon Aoki, Alexis Bledel, Powers Boothe","A film that explores the dark and miserable town, Basin City, and tells the story of three different people, all caught up in violent corruption.","English","USA","33 wins & 51 nominations.","https://images-na.ssl-images-amazon.com/images/M/MV5BODZmYjMwNzEtNzVhNC00ZTRmLTk2M2UtNzE1MTQ2ZDAxNjc2XkEyXkFqcGdeQXVyMTQxNzMzNDI@._V1_SX300.jpg","Internet Movie Database","8.0/10","74",8,"685,825","tt0401792","movie","N/A","N/A","N/A","N/A","N/A","N/A","N/A","N/A","N/A","N/A","http://www.rottentomatoes.com/m/sin_city/","16 Aug 2005","N/A","Dimension Films","http://www.sincitythemovie.com/","True"
"17","The Hustler",1961,"UNRATED","27 Oct 1961","134 min","Drama, Sport","Robert Rossen","Sidney Carroll (screenplay), Robert Rossen (screenplay), Walter Tevis (based on the novel by)","Paul Newman, Jackie Gleason, Piper Laurie, George C. Scott","An up-and-coming pool player plays a long-time champion in a single high-stakes match.","English","USA","Won 2 Oscars. Another 11 wins & 20 nominations.","https://images-na.ssl-images-amazon.com/images/M/MV5BNjhjODI2NTItMGE1ZS00NThiLWE1MmYtOWE3YzcyNzY1MTJlXkEyXkFqcGdeQXVyNTc1NTQxODI@._V1_SX300.jpg","Internet Movie Database","8.0/10","N/A",8,"65,649","tt0054997","movie","N/A","N/A","N/A","N/A","N/A","N/A","N/A","N/A","N/A","N/A","http://www.rottentomatoes.com/m/hustler/","04 Jun 2002","N/A","Fox","N/A","True"
"18","A Night at the Opera",1935,"PASSED","15 Nov 1935","96 min","Comedy, Music, Musical","Sam Wood, Edmund Goulding","George S. Kaufman (screen play), Morrie Ryskind (screen play), James Kevin McGuinness (from a story by)","Groucho Marx, Chico Marx, Harpo Marx, Kitty Carlisle","A sly business manager and two wacky friends of two opera singers help them achieve success while humiliating their stuffy and snobbish enemies.","English, Italian","USA","1 win.","https://images-na.ssl-images-amazon.com/images/M/MV5BMTYyNjgwMDg4NF5BMl5BanBnXkFtZTgwNTQ5MTM4MTE@._V1_SX300.jpg","Internet Movie Database","8.1/10","N/A",8.1,"26,025","tt0026778","movie","N/A","N/A","N/A","N/A","N/A","N/A","N/A","N/A","N/A","N/A","http://www.rottentomatoes.com/m/1015002-night_at_the_opera/","04 May 2004","N/A","MGM","N/A","True"
"19","The Killing",1956,"APPROVED","06 Jun 1956","85 min","Crime, Drama, Film-Noir","Stanley Kubrick","Stanley Kubrick (screenplay), Jim Thompson (dialogue), Lionel White (novel)","Sterling Hayden, Coleen Gray, Vince Edwards, Jay C. Flippen","Crooks plan and execute a daring race-track robbery.","English","USA","N/A","https://images-na.ssl-images-amazon.com/images/M/MV5BMDE5ZjAwY2YtOWM5Yi00ZWNlLWE5ODQtYjA4NzA1NGFkZDU5XkEyXkFqcGdeQXVyNjc1NTYyMjg@._V1_SX300.jpg","Internet Movie Database","8.0/10","N/A",8,"65,940","tt0049406","movie","N/A","N/A","N/A","N/A","N/A","N/A","N/A","N/A","N/A","N/A","http://www.rottentomatoes.com/m/killing/","15 Aug 2001","N/A","United Artists","http://www.amctv.com/shows/the-killing","True"
"20","The Avengers",2012,"PG-13","04 May 2012","143 min","Action, Sci-Fi","Joss Whedon","Joss Whedon (screenplay), Zak Penn (story), Joss Whedon (story)","Robert Downey Jr., Chris Evans, Mark Ruffalo, Chris Hemsworth","Earth's mightiest heroes must come together and learn to fight as a team if they are to stop the mischievous Loki and his alien army from enslaving humanity.","English, Russian, Hindi","USA","Nominated for 1 Oscar. Another 37 wins & 79 nominations.","https://images-na.ssl-images-amazon.com/images/M/MV5BMTk2NTI1MTU4N15BMl5BanBnXkFtZTcwODg0OTY0Nw@@._V1_SX300.jpg","Internet Movie Database","8.1/10","69",8.1,"1,051,143","tt0848228","movie","N/A","N/A","N/A","N/A","N/A","N/A","N/A","N/A","N/A","N/A","http://www.rottentomatoes.com/m/marvels_the_avengers/","25 Sep 2012","$623,279,547","Walt Disney Pictures","http://marvel.com/avengers_movie","True"
"21","Notorious",1946,"APPROVED","06 Sep 1946","101 min","Drama, Film-Noir, Romance","Alfred Hitchcock","Ben Hecht","Cary Grant, Ingrid Bergman, Claude Rains, Louis Calhern","A woman is asked to spy on a group of Nazi friends in South America. How far will she have to go to ingratiate herself with them?","English, French, Portuguese","USA","Nominated for 2 Oscars. Another 3 wins & 1 nomination.","https://images-na.ssl-images-amazon.com/images/M/MV5BYTc1NGViOTMtNjZhNS00OGY2LWI4MmItOWQwNTY4MDMzNWI3L2ltYWdlXkEyXkFqcGdeQXVyNjc1NTYyMjg@._V1_SX300.jpg","Internet Movie Database","8.0/10","N/A",8,"77,339","tt0038787","movie","N/A","N/A","N/A","N/A","N/A","N/A","N/A","N/A","N/A","N/A","http://www.rottentomatoes.com/m/1015287-notorious/","13 Mar 2001","N/A","RKO Radio Pictures","N/A","True"
"22","Harvey",1950,"NOT RATED","21 Dec 1950","104 min","Comedy, Drama, Fantasy","Henry Koster","Mary Chase (from the Pulitzer Prize Play by), Mary Chase (screenplay), Oscar Brodney (screenplay)","Wallace Ford, William H. Lynn, Victoria Horne, Jesse White","Due to his insistence that he has an invisible six foot-tall rabbit for a best friend, a whimsical middle-aged man is thought by his family to be insane - but he may be wiser than anyone knows.","English, Spanish, Latin","USA","Won 1 Oscar. Another 1 win & 4 nominations.","https://images-na.ssl-images-amazon.com/images/M/MV5BMzg2YTFkNjgtM2ZkNS00MWVkLWIwMTEtZTgzMDM2MmUxNDE2XkEyXkFqcGdeQXVyMjI4MjA5MzA@._V1_SX300.jpg","Internet Movie Database","8.0/10","N/A",8,"46,446","tt0042546","movie","N/A","N/A","N/A","N/A","N/A","N/A","N/A","N/A","N/A","N/A","http://www.rottentomatoes.com/m/1009261-harvey/","06 Feb 2001","N/A","MCA Universal Home Video","N/A","True"
"23","The Martian",2015,"PG-13","02 Oct 2015","144 min","Adventure, Drama, Sci-Fi","Ridley Scott","Drew Goddard (screenplay), Andy Weir (based on the novel by)","Matt Damon, Jessica Chastain, Kristen Wiig, Jeff Daniels","An astronaut becomes stranded on Mars after his team assume him dead, and must rely on his ingenuity to find a way to signal to Earth that he is alive.","English, Mandarin","USA, UK","Nominated for 7 Oscars. Another 34 wins & 180 nominations.","https://images-na.ssl-images-amazon.com/images/M/MV5BMTc2MTQ3MDA1Nl5BMl5BanBnXkFtZTgwODA3OTI4NjE@._V1_SX300.jpg","Internet Movie Database","8.0/10","80",8,"560,864","tt3659388","movie","N/A","N/A","N/A","N/A","N/A","N/A","N/A","N/A","N/A","N/A","http://www.rottentomatoes.com/m/the_martian/","12 Jan 2016","$202,313,768","20th Century Fox","http://TheMartianMovie.com","True"
"24","The Exorcist",1973,"R","26 Dec 1973","122 min","Horror","William Friedkin","William Peter Blatty (written for the screen by), William Peter Blatty (novel)","Ellen Burstyn, Max von Sydow, Lee J. Cobb, Kitty Winn","When a teenage girl is possessed by a mysterious entity, her mother seeks the help of two priests to save her daughter.","English, Latin, Greek, French, German, Arabic, Kurdish","USA","Won 2 Oscars. Another 14 wins & 15 nominations.","https://images-na.ssl-images-amazon.com/images/M/MV5BYzczOGRlMzQtNDAzMS00MjdlLTk5Y2QtNTM3MDE3NjRkYzQwXkEyXkFqcGdeQXVyMTQxNzMzNDI@._V1_SX300.jpg","Internet Movie Database","8.0/10","82",8,"299,364","tt0070047","movie","N/A","N/A","N/A","N/A","N/A","N/A","N/A","N/A","N/A","N/A","http://www.rottentomatoes.com/m/exorcist/","01 Dec 1998","N/A","Warner Bros. Pictures","http://theexorcist.warnerbros.com/","True"
"25","Rio Bravo",1959,"NOT RATED","04 Apr 1959","141 min","Action, Drama, Western","Howard Hawks","Jules Furthman (screenplay), Leigh Brackett (screenplay), B.H. McCampbell (short story)","John Wayne, Dean Martin, Ricky Nelson, Angie Dickinson","A small-town sheriff in the American West enlists the help of a cripple, a drunk, and a young gunfighter in his efforts to hold in jail the brother of the local bad guy.","English, Spanish","USA","Won 1 Golden Globe. Another 1 win & 4 nominations.","https://images-na.ssl-images-amazon.com/images/M/MV5BZDVhMTk1NjUtYjc0OS00OTE1LTk1NTYtYWMzMDI5OTlmYzU2XkEyXkFqcGdeQXVyNjc1NTYyMjg@._V1_SX300.jpg","Internet Movie Database","8.0/10","N/A",8,"45,629","tt0053221","movie","N/A","N/A","N/A","N/A","N/A","N/A","N/A","N/A","N/A","N/A","http://www.rottentomatoes.com/m/rio_bravo/","08 May 2001","N/A","Xenon","N/A","True"
"26","The Philadelphia Story",1940,"NOT RATED","17 Jan 1941","112 min","Comedy, Romance","George Cukor","Donald Ogden Stewart (screen play), Philip Barry (based on the play by)","Cary Grant, Katharine Hepburn, James Stewart, Ruth Hussey","When a rich woman's ex-husband and a tabloid-type reporter turn up just before her planned remarriage, she begins to learn the truth about herself.","English, French","USA","Won 2 Oscars. Another 3 wins & 5 nominations.","https://images-na.ssl-images-amazon.com/images/M/MV5BMjA2NzYzMjE3MF5BMl5BanBnXkFtZTgwNDExMDY0MzE@._V1_SX300.jpg","Internet Movie Database","8.0/10","N/A",8,"52,602","tt0032904","movie","N/A","N/A","N/A","N/A","N/A","N/A","N/A","N/A","N/A","N/A","http://www.rottentomatoes.com/m/philadelphia_story/","10 Sep 1997","N/A","MGM","N/A","True"
"27","Rope",1948,"APPROVED","25 Sep 1948","80 min","Crime, Drama, Thriller","Alfred Hitchcock","Hume Cronyn (adapted by), Patrick Hamilton (from the play by), Arthur Laurents (screenplay)","John Dall, Farley Granger, Edith Evanson, Douglas Dick","Two young men strangle their ""inferior"" classmate, hide his body in their apartment, and invite his friends and family to a dinner party as a means to challenge the ""perfection"" of their crime.","English","USA","3 nominations.","https://images-na.ssl-images-amazon.com/images/M/MV5BMmFiM2VmNjQtOTYwZi00YjUxLWJjYWItNTE3NGRlNTBkMmIxXkEyXkFqcGdeQXVyNjc1NTYyMjg@._V1_SX300.jpg","Internet Movie Database","8.0/10","N/A",8,"102,340","tt0040746","movie","N/A","N/A","N/A","N/A","N/A","N/A","N/A","N/A","N/A","N/A","http://www.rottentomatoes.com/m/rope/","06 Mar 2001","N/A","Warner Bros. Pictures","N/A","True"
"28","The Big Sleep",1946,"APPROVED","31 Aug 1946","114 min","Crime, Film-Noir, Mystery","Howard Hawks","William Faulkner (screen play), Leigh Brackett (screen play), Jules Furthman (screen play), Raymond Chandler (from the novel by)","Humphrey Bogart, Lauren Bacall, John Ridgely, Martha Vickers","Private detective Philip Marlowe is hired by a rich family. Before the complex case is over, he's seen murder, blackmail, and what might be love.","English","USA","2 wins.","https://images-na.ssl-images-amazon.com/images/M/MV5BNDM2OTM0MjUtOTQ4Yy00MmY3LThhM2UtOWFlYjkxNTgwZDcyXkEyXkFqcGdeQXVyNjc1NTYyMjg@._V1_SX300.jpg","Internet Movie Database","8.0/10","N/A",8,"67,315","tt0038355","movie","N/A","N/A","N/A","N/A","N/A","N/A","N/A","N/A","N/A","N/A","http://www.rottentomatoes.com/m/1002352-big_sleep/","15 Feb 2000","N/A","Warner Bros. Pictures","N/A","True"
"29","Pink Floyd: The Wall",1982,"R","17 Sep 1982","95 min","Animation, Drama, Fantasy","Alan Parker","Roger Waters (album ""The Wall""), Roger Waters (screenplay)","Bob Geldof, Christine Hargreaves, James Laurenson, Eleanor David","A confined but troubled rock star descends into madness in the midst of his physical and social isolation from everyone.","English","UK","Won 2 BAFTA Film Awards. Another 1 win & 1 nomination.","https://images-na.ssl-images-amazon.com/images/M/MV5BZDhlZTYxOTYtYTk3Ny00ZDljLTk3ZmItZTcxZWU5YTIyYmFkXkEyXkFqcGdeQXVyMTQxNzMzNDI@._V1_SX300.jpg","Internet Movie Database","8.0/10","N/A",8,"63,190","tt0084503","movie","N/A","N/A","N/A","N/A","N/A","N/A","N/A","N/A","N/A","N/A","http://www.rottentomatoes.com/m/pink_floyd_the_wall/","02 Dec 1999","N/A","United Artists","N/A","True"
"30","The King's Speech",2010,"R","25 Dec 2010","118 min","Biography, Drama","Tom Hooper","David Seidler (screenplay)","Colin Firth, Helena Bonham Carter, Derek Jacobi, Robert Portal","The story of King George VI of the United Kingdom of Great Britain and Northern Ireland, his impromptu ascension to the throne and the speech therapist who helped the unsure monarch become worthy of it.","English","UK, USA, Australia","Won 4 Oscars. Another 103 wins & 194 nominations.","https://images-na.ssl-images-amazon.com/images/M/MV5BMzU5MjEwMTg2Nl5BMl5BanBnXkFtZTcwNzM3MTYxNA@@._V1_SX300.jpg","Internet Movie Database","8.0/10","88",8,"537,662","tt1504320","movie","N/A","N/A","N/A","N/A","N/A","N/A","N/A","N/A","N/A","N/A","http://www.rottentomatoes.com/m/the_kings_speech/","19 Apr 2011","$138,300,000","The Weinstein Company","http://www.kingsspeech.com/","True"
"31","A Christmas Story",1983,"PG","18 Nov 1983","94 min","Comedy, Family","Bob Clark","Jean Shepherd (based on the novel ""In God We Trust,  All Others Pay Cash"" by), Jean Shepherd (screenplay), Leigh Brown (screenplay), Bob Clark (screenplay)","Melinda Dillon, Darren McGavin, Peter Billingsley, Scott Schwartz","In the 1940s, a young boy named Ralphie attempts to convince his parents, his teacher, and Santa that a Red Ryder B.B. gun really is the perfect Christmas gift.","English","USA, Canada","3 wins & 11 nominations.","https://images-na.ssl-images-amazon.com/images/M/MV5BOWMyNjE0MzEtMzVjNy00NjIxLTg0ZjMtMWJhNGI1YmVjYTczL2ltYWdlXkEyXkFqcGdeQXVyNzc5MjA3OA@@._V1_SX300.jpg","Internet Movie Database","8.0/10","77",8,"110,893","tt0085334","movie","N/A","N/A","N/A","N/A","N/A","N/A","N/A","N/A","N/A","N/A","http://www.rottentomatoes.com/m/1004151-christmas_story/","28 Sep 1999","N/A","MGM","http://www2.warnerbros.com/achristmasstory/","True"
"32","The Graduate",1967,"APPROVED","22 Dec 1967","106 min","Comedy, Drama","Mike Nichols","Calder Willingham (screenplay), Buck Henry (screenplay), Charles Webb (based on the novel by)","Anne Bancroft, Dustin Hoffman, Katharine Ross, William Daniels","A disillusioned college graduate finds himself torn between his older lover and her daughter.","English","USA","Won 1 Oscar. Another 20 wins & 16 nominations.","https://images-na.ssl-images-amazon.com/images/M/MV5BMTQ0ODc4MDk4Nl5BMl5BanBnXkFtZTcwMTEzNzgzNA@@._V1_SX300.jpg","Internet Movie Database","8.0/10","77",8,"220,459","tt0061722","movie","N/A","N/A","N/A","N/A","N/A","N/A","N/A","N/A","N/A","N/A","http://www.rottentomatoes.com/m/graduate/","19 Jun 2001","N/A","Embassy Pictures/Rialto Pictures","http://www.rialtopictures.com/thegraduate.html","True"
"33","JFK",1991,"R","20 Dec 1991","189 min","Drama, History, Thriller","Oliver Stone","Oliver Stone (screenplay), Zachary Sklar (screenplay), Jim Garrison (book), Jim Marrs (book)","Sally Kirkland, Anthony Ramirez, Ray LePere, Steve Reed","A New Orleans DA discovers there's more to the Kennedy assassination than the official story.","English, Spanish","France, USA","Won 2 Oscars. Another 17 wins & 25 nominations.","https://images-na.ssl-images-amazon.com/images/M/MV5BYjYyODExMDctZjgwYy00ZjQwLWI4OWYtOGFlYjA4ZjEzNmY1XkEyXkFqcGdeQXVyNTAyODkwOQ@@._V1_SX300.jpg","Internet Movie Database","8.0/10","72",8,"120,061","tt0102138","movie","N/A","N/A","N/A","N/A","N/A","N/A","N/A","N/A","N/A","N/A","http://www.rottentomatoes.com/m/1037756-jfk/","27 Aug 1997","N/A","Warner Bros.","N/A","True"
"34","Sling Blade",1996,"R","14 Mar 1997","135 min","Drama","Billy Bob Thornton","Billy Bob Thornton (play), Billy Bob Thornton (screenplay)","Billy Bob Thornton, Dwight Yoakam, J.T. Walsh, John Ritter","Karl Childers, a simple man hospitalized since his childhood murder of his mother and her lover, is released to start a new life in a small town.","English","USA","Won 1 Oscar. Another 13 wins & 15 nominations.","https://images-na.ssl-images-amazon.com/images/M/MV5BNGY5NWIxMjAtODBjNC00MmZhLTk1ZTAtNGRhYThlOTNjMTQwXkEyXkFqcGdeQXVyNTc1NTQxODI@._V1_SX300.jpg","Internet Movie Database","8.0/10","84",8,"75,931","tt0117666","movie","N/A","N/A","N/A","N/A","N/A","N/A","N/A","N/A","N/A","N/A","http://www.rottentomatoes.com/m/sling_blade/","01 Jan 1998","N/A","Miramax Films","N/A","True"
"35","Blood Diamond",2006,"R","08 Dec 2006","143 min","Adventure, Drama, Thriller","Edward Zwick","Charles Leavitt (screenplay), Charles Leavitt (story), C. Gaby Mitchell (story)","Leonardo DiCaprio, Djimon Hounsou, Jennifer Connelly, Kagiso Kuypers","A fisherman, a smuggler, and a syndicate of businessmen match wits over the possession of a priceless diamond.","English, Mende, Afrikaans","Germany, USA","Nominated for 5 Oscars. Another 8 wins & 26 nominations.","https://images-na.ssl-images-amazon.com/images/M/MV5BMTY5MTYyNjkwNV5BMl5BanBnXkFtZTcwODE3MTI0MQ@@._V1_SX300.jpg","Internet Movie Database","8.0/10","64",8,"424,781","tt0450259","movie","N/A","N/A","N/A","N/A","N/A","N/A","N/A","N/A","N/A","N/A","http://www.rottentomatoes.com/m/blood_diamond/","20 Mar 2007","$57,300,000","Warner Bros. Pictures","http://www.blooddiamondmovie.com/","True"
"36","Magnolia",1999,"R","07 Jan 2000","188 min","Drama","Paul Thomas Anderson","Paul Thomas Anderson","Pat Healy, Genevieve Zweig, Mark Flanagan, Neil Flynn","An epic mosaic of interrelated characters in search of love, forgiveness, and meaning in the San Fernando Valley.","English, German, French","USA","Nominated for 3 Oscars. Another 28 wins & 51 nominations.","https://images-na.ssl-images-amazon.com/images/M/MV5BZmFhMzE1NDUtNGFmOC00M2E2LWI3ODItNzJjZmRlMTY0NDc0XkEyXkFqcGdeQXVyMTQxNzMzNDI@._V1_SX300.jpg","Internet Movie Database","8.0/10","77",8,"251,286","tt0175880","movie","N/A","N/A","N/A","N/A","N/A","N/A","N/A","N/A","N/A","N/A","http://www.rottentomatoes.com/m/magnolia/","25 Jul 2000","N/A","New Line Cinema","http://www.magnoliamovie.com","True"
"37","Rain Man",1988,"R","16 Dec 1988","133 min","Drama","Barry Levinson","Barry Morrow (story), Ronald Bass (screenplay), Barry Morrow (screenplay)","Dustin Hoffman, Tom Cruise, Valeria Golino, Gerald R. Molen","Selfish yuppie Charlie Babbitt's father left a fortune to his savant brother Raymond and a pittance to Charlie; they travel cross-country.","English, Italian","USA","Won 4 Oscars. Another 22 wins & 22 nominations.","https://images-na.ssl-images-amazon.com/images/M/MV5BMzVjNzI4NzYtMjE4NS00M2IzLWFkOWMtOTYwMWUzN2ZlNGVjL2ltYWdlL2ltYWdlXkEyXkFqcGdeQXVyMTQxNzMzNDI@._V1_SX300.jpg","Internet Movie Database","8.0/10","65",8,"403,104","tt0095953","movie","N/A","N/A","N/A","N/A","N/A","N/A","N/A","N/A","N/A","N/A","http://www.rottentomatoes.com/m/rain_man/","01 Jan 2000","N/A","MGM","N/A","True"
"38","The Revenant",2015,"R","08 Jan 2016","156 min","Adventure, Drama, Thriller","Alejandro González Iñárritu","Mark L. Smith (screenplay), Alejandro González Iñárritu (screenplay), Michael Punke (based in part on the novel by)","Leonardo DiCaprio, Tom Hardy, Domhnall Gleeson, Will Poulter","A frontiersman on a fur trading expedition in the 1820s fights for survival after being mauled by a bear and left for dead by members of his own hunting team.","English, Pawnee, French","Hong Kong, Taiwan, USA","Won 3 Oscars. Another 82 wins & 177 nominations.","https://images-na.ssl-images-amazon.com/images/M/MV5BY2FmODc2N2QtYmY3MS00YTMwLWI2NGYtZWRmYWVkNjFjZmI0XkEyXkFqcGdeQXVyNTMxMjgxMzA@._V1_SX300.jpg","Internet Movie Database","8.0/10","76",8,"504,647","tt1663202","movie","N/A","N/A","N/A","N/A","N/A","N/A","N/A","N/A","N/A","N/A","http://www.rottentomatoes.com/m/the_revenant_2015/","19 Apr 2016","N/A","20th Century Fox","http://www.foxmovies.com/movies/the-revenant","True"
"39","The Nightmare Before Christmas",1993,"PG","29 Oct 1993","76 min","Animation, Family, Fantasy","Henry Selick","Tim Burton (based on: a story and characters by), Michael McDowell (adaptation), Caroline Thompson (screenplay)","Danny Elfman, Chris Sarandon, Catherine O'Hara, William Hickey","Jack Skellington, king of Halloween Town, discovers Christmas Town, but his attempts to bring Christmas to his home cause confusion.","English","USA","Nominated for 1 Oscar. Another 7 wins & 7 nominations.","https://images-na.ssl-images-amazon.com/images/M/MV5BNWE4OTNiM2ItMjY4Ni00ZTViLWFiZmEtZGEyNGY2ZmNlMzIyXkEyXkFqcGdeQXVyMDU5NDcxNw@@._V1_SX300.jpg","Internet Movie Database","8.0/10","N/A",8,"238,561","tt0107688","movie","N/A","N/A","N/A","N/A","N/A","N/A","N/A","N/A","N/A","N/A","http://www.rottentomatoes.com/m/nightmare_before_christmas/","02 Dec 1997","$8,616,662","Touchstone Pictures","http://www.Nightmare3DMovie.com/","True"
"40","The Manchurian Candidate",1962,"PG-13","24 Oct 1962","126 min","Drama, Thriller","John Frankenheimer","Richard Condon (based upon a novel by), George Axelrod (screenplay)","Frank Sinatra, Laurence Harvey, Janet Leigh, Angela Lansbury","A former prisoner of war is brainwashed as an unwitting assassin for an international Communist conspiracy.","English","USA","Nominated for 2 Oscars. Another 5 wins & 6 nominations.","https://images-na.ssl-images-amazon.com/images/M/MV5BOTY0ZTA1ZjUtN2MyNi00ZGRmLWExYmMtOTkyNzI1NGQ2Y2RlXkEyXkFqcGdeQXVyNjc1NTYyMjg@._V1_SX300.jpg","Internet Movie Database","8.0/10","94",8,"63,422","tt0056218","movie","N/A","N/A","N/A","N/A","N/A","N/A","N/A","N/A","N/A","N/A","http://www.rottentomatoes.com/m/1013227-manchurian_candidate/","15 May 2001","N/A","MGM/UA Classics","http://www.mgm.com/title_title.php?title_star=MANCHURI","True"
"41","Deadpool",2016,"R","12 Feb 2016","108 min","Action, Adventure, Comedy","Tim Miller","Rhett Reese, Paul Wernick","Ryan Reynolds, Karan Soni, Ed Skrein, Michael Benyaer","A fast-talking mercenary with a morbid sense of humor is subjected to a rogue experiment that leaves him with accelerated healing powers and a quest for revenge.","English","USA","Nominated for 2 Golden Globes. Another 23 wins & 63 nominations.","https://images-na.ssl-images-amazon.com/images/M/MV5BMjQyODg5Njc4N15BMl5BanBnXkFtZTgwMzExMjE3NzE@._V1_SX300.jpg","Internet Movie Database","8.0/10","65",8,"644,281","tt1431045","movie","N/A","N/A","N/A","N/A","N/A","N/A","N/A","N/A","N/A","N/A","http://www.rottentomatoes.com/m/deadpool/","10 May 2016","$328,674,489","20th Century Fox","http://www.foxmovies.com/deadpool","True"
"42","The Wild Bunch",1969,"R","07 Aug 1969","135 min","Action, Adventure, Western","Sam Peckinpah","Walon Green (screenplay), Sam Peckinpah (screenplay), Walon Green (story), Roy N. Sickner (story)","William Holden, Ernest Borgnine, Robert Ryan, Edmond O'Brien","An aging group of outlaws look for one last big score as the ""traditional"" American West is disappearing around them.","English, Spanish, German","USA","Nominated for 2 Oscars. Another 5 wins & 4 nominations.","https://images-na.ssl-images-amazon.com/images/M/MV5BNGUyYTZmOWItMDJhMi00N2IxLWIyNDMtNjUxM2ZiYmU5YWU1XkEyXkFqcGdeQXVyNjc1NTYyMjg@._V1_SX300.jpg","Internet Movie Database","8.0/10","N/A",8,"65,987","tt0065214","movie","N/A","N/A","N/A","N/A","N/A","N/A","N/A","N/A","N/A","N/A","http://www.rottentomatoes.com/m/1059489-wild_bunch/","27 Aug 1997","N/A","Warner Bros. Pictures","N/A","True"
"43","Aladdin",1992,"G","25 Nov 1992","90 min","Animation, Adventure, Comedy","Ron Clements, John Musker","Ron Clements (screenplay), John Musker (screenplay), Ted Elliott (screenplay), Terry Rossio (screenplay), Burny Mattinson (story), Roger Allers (story), Daan Jippes (story), Kevin Harkey (story), Sue C. Nichols (story), Francis Glebas (story), Darrell Rooney (story), Larry Leker (story), James Fujii (story), Kirk Hanson (story), Kevin Lima (story), Rebecca Rees (story), David S. Smith (story), Chris Sanders (story), Brian Pimental (story), Patrick A. Ventura (story)","Scott Weinger, Robin Williams, Linda Larkin, Jonathan Freeman","When a street urchin vies for the love of a beautiful princess, he uses a genie's magic power to make himself off as a prince in order to marry her.","English","USA","Won 2 Oscars. Another 25 wins & 18 nominations.","https://images-na.ssl-images-amazon.com/images/M/MV5BNTI4ODQ1MzAzNV5BMl5BanBnXkFtZTgwMzU4NzMxMDE@._V1_SX300.jpg","Internet Movie Database","8.0/10","N/A",8,"281,651","tt0103639","movie","N/A","N/A","N/A","N/A","N/A","N/A","N/A","N/A","N/A","N/A","http://www.rottentomatoes.com/m/1042582-aladdin/","05 Oct 2004","N/A","Buena Vista Distribution Compa","http://disney.go.com/vault/archives/characters/aladdin/aladdin.html","True"
"44","Big Fish",2003,"PG-13","09 Jan 2004","125 min","Adventure, Drama, Fantasy","Tim Burton","Daniel Wallace (novel), John August (screenplay)","Ewan McGregor, Albert Finney, Billy Crudup, Jessica Lange","A frustrated son tries to determine the fact from fiction in his dying father's life.","English, Cantonese","USA","Nominated for 1 Oscar. Another 1 win & 68 nominations.","https://images-na.ssl-images-amazon.com/images/M/MV5BMTYyMzM3MzgyNV5BMl5BanBnXkFtZTcwMTI4MzUyMQ@@._V1_SX300.jpg","Internet Movie Database","8.0/10","58",8,"364,938","tt0319061","movie","N/A","N/A","N/A","N/A","N/A","N/A","N/A","N/A","N/A","N/A","http://www.rottentomatoes.com/m/1127787-big_fish/","27 Apr 2004","$66,257,002","Sony Pictures","http://www.sonypictures.com/movies/bigfish/index.html","True"
"45","Patton",1970,"GP","02 Apr 1970","172 min","Biography, Drama, War","Franklin J. Schaffner","Francis Ford Coppola (screen story and screenplay), Edmund H. North (screen story and screenplay), Ladislas Farago (based on factual material from Patton: Ordeal and Triumph), Omar N. Bradley (based on factual material from: A Soldier's Story)","George C. Scott, Karl Malden, Stephen Young, Michael Strong","The World War II phase of the career of the controversial American general, George S. Patton.","English, German, French, Russian, Arabic, Italian","USA","Won 7 Oscars. Another 17 wins & 8 nominations.","https://images-na.ssl-images-amazon.com/images/M/MV5BMmNhZmJhMmYtNjlkMC00MjhjLTk1NzMtMTNlMzYzNjZlMjNiXkEyXkFqcGdeQXVyMTQxNzMzNDI@._V1_SX300.jpg","Internet Movie Database","8.0/10","91",8,"80,730","tt0066206","movie","N/A","N/A","N/A","N/A","N/A","N/A","N/A","N/A","N/A","N/A","http://www.rottentomatoes.com/m/patton/","02 Nov 1999","N/A","Twentieth Century Fox Home Entertainment","N/A","True"
"46","The Lost Weekend",1945,"NOT RATED","01 Jan 1946","101 min","Drama, Film-Noir","Billy Wilder","Charles R. Jackson (from the novel by), Charles Brackett (screen play), Billy Wilder (screen play)","Ray Milland, Jane Wyman, Phillip Terry, Howard Da Silva","The desperate life of a chronic alcoholic is followed through a four-day drinking bout.","English","USA","Won 4 Oscars. Another 12 wins & 3 nominations.","https://images-na.ssl-images-amazon.com/images/M/MV5BMTk4NDQ0NjgyNF5BMl5BanBnXkFtZTgwMTE3NTkxMTE@._V1_SX300.jpg","Internet Movie Database","8.0/10","N/A",8,"26,834","tt0037884","movie","N/A","N/A","N/A","N/A","N/A","N/A","N/A","N/A","N/A","N/A","http://www.rottentomatoes.com/m/lost_weekend/","06 Feb 2001","N/A","Paramount Pictures","N/A","True"
"47","Short Term 12",2013,"R","23 Aug 2013","96 min","Drama","Destin Daniel Cretton","Destin Daniel Cretton","Brie Larson, John Gallagher Jr., Stephanie Beatriz, Rami Malek","A 20-something supervising staff member of a residential treatment facility navigates the troubled waters of that world alongside her co-worker and longtime boyfriend.","English","USA","35 wins & 70 nominations.","https://images-na.ssl-images-amazon.com/images/M/MV5BMTEwNjE2OTM4NDZeQTJeQWpwZ15BbWU3MDE2MTE4OTk@._V1_SX300.jpg","Internet Movie Database","8.0/10","82",8,"62,348","tt2370248","movie","N/A","N/A","N/A","N/A","N/A","N/A","N/A","N/A","N/A","N/A","http://www.rottentomatoes.com/m/short_term_12_2013/","14 Jan 2014","N/A","Cinedigm","http://shortterm12.com","True"
"48","His Girl Friday",1940,"APPROVED","18 Jan 1940","92 min","Comedy, Drama, Romance","Howard Hawks","Charles Lederer (screen play), Ben Hecht (from the play ""The Front Page""), Charles MacArthur (from the play ""The Front Page"")","Cary Grant, Rosalind Russell, Ralph Bellamy, Gene Lockhart","A newspaper editor uses every trick in the book to keep his ace reporter ex-wife from remarrying.","English, French","USA","2 wins.","https://images-na.ssl-images-amazon.com/images/M/MV5BOTU4ODdjNDYtZjk0Zi00ZDBmLTllODEtMzQ5NmYzZGEzNjVlXkEyXkFqcGdeQXVyNjc1NTYyMjg@._V1_SX300.jpg","Internet Movie Database","8.0/10","N/A",8,"43,551","tt0032599","movie","N/A","N/A","N/A","N/A","N/A","N/A","N/A","N/A","N/A","N/A","http://www.rottentomatoes.com/m/his_girl_friday/","28 Dec 2004","N/A","Columbia Pictures","N/A","True"
"49","The Straight Story",1999,"G","03 Nov 1999","112 min","Biography, Drama","David Lynch","John Roach, Mary Sweeney","Sissy Spacek, Jane Galloway Heitz, Joseph A. Carpenter, Donald Wiegert","An old man makes a long journey by lawn-mover tractor to mend his relationship with an ill brother.","English","France, UK, USA","Nominated for 1 Oscar. Another 14 wins & 37 nominations.","https://images-na.ssl-images-amazon.com/images/M/MV5BNmE1MDk4OWEtYjk1NS00MWU2LTk5ZWItYjZhYmRkODRjMDc0XkEyXkFqcGdeQXVyNjE5MjUyOTM@._V1_SX300.jpg","Internet Movie Database","8.0/10","86",8,"67,045","tt0166896","movie","N/A","N/A","N/A","N/A","N/A","N/A","N/A","N/A","N/A","N/A","http://www.rottentomatoes.com/m/straight_story/","07 Nov 2000","N/A","Buena Vista Pictures","http://disney.go.com/DisneyPictures/straightstory/index.html","True"
"50","Slumdog Millionaire",2008,"R","25 Dec 2008","120 min","Drama","Danny Boyle, Loveleen Tandan","Simon Beaufoy (screenplay), Vikas Swarup (novel)","Dev Patel, Saurabh Shukla, Anil Kapoor, Raj Zutshi","A Mumbai teen reflects on his upbringing in the slums when he is accused of cheating on the Indian Version of ""Who Wants to be a Millionaire?""","English, Hindi, French","UK, France, USA","Won 8 Oscars. Another 144 wins & 126 nominations.","https://images-na.ssl-images-amazon.com/images/M/MV5BMTU2NTA5NzI0N15BMl5BanBnXkFtZTcwMjUxMjYxMg@@._V1_SX300.jpg","Internet Movie Database","8.0/10","86",8,"679,975","tt1010048","movie","N/A","N/A","N/A","N/A","N/A","N/A","N/A","N/A","N/A","N/A","http://www.rottentomatoes.com/m/slumdog_millionaire/","31 Mar 2009","$141,243,551","Fox Searchlight Pictures","http://www.foxsearchlight.com/slumdogmillionaire/","True"
